{"cameraMode":{"drawMode":0,"name":"Shaded","section":"Shading Mode"},"sceneLighting":false,"audioPlay":false,"sceneViewState":{"showFog":true,"showMaterialUpdate":false,"showSkybox":false,"showFlares":true,"showImageEffects":true,"showParticleSystems":true},"in2DMode":false,"pivot":{"x":-0.00390625,"y":0.345112681388855,"z":0.00006245821714401245},"rotation":{"x":-0.09978299587965012,"y":0.5009543299674988,"z":-0.058275990188121799,"w":-0.8577480912208557},"size":1.0441350936889649,"orthographic":false}