{"cameraMode":{"drawMode":0,"name":"Shaded","section":"Shading Mode"},"sceneLighting":false,"audioPlay":false,"sceneViewState":{"showFog":true,"showMaterialUpdate":false,"showSkybox":false,"showFlares":true,"showImageEffects":true,"showParticleSystems":true},"in2DMode":false,"pivot":{"x":1.459808349609375,"y":1.7822210788726807,"z":1.6808730363845826},"rotation":{"x":0.16276244819164277,"y":-0.4691377580165863,"z":0.08843456953763962,"w":0.8634893298149109},"size":5.565619945526123,"orthographic":false}