{"cameraMode":{"drawMode":0,"name":"Shaded","section":"Shading Mode"},"sceneLighting":true,"audioPlay":false,"sceneViewState":{"showFog":true,"showMaterialUpdate":false,"showSkybox":true,"showFlares":true,"showImageEffects":true,"showParticleSystems":true},"in2DMode":false,"pivot":{"x":-6.680274486541748,"y":3.535862922668457,"z":-9.489415168762207},"rotation":{"x":0.4699046015739441,"y":0.18155567348003388,"z":-0.09941937029361725,"w":0.8581135272979736},"size":19.111371994018556,"orthographic":false}