{"cameraMode":{"drawMode":0,"name":"Shaded","section":"Shading Mode"},"sceneLighting":false,"audioPlay":false,"sceneViewState":{"showFog":true,"showMaterialUpdate":false,"showSkybox":false,"showFlares":true,"showImageEffects":true,"showParticleSystems":true},"in2DMode":false,"pivot":{"x":0.2654590308666229,"y":1.799315094947815,"z":1.6993317604064942},"rotation":{"x":0.09572991728782654,"y":0.8715139031410217,"z":-0.18882600963115693,"w":0.4424568712711334},"size":4.013948440551758,"orthographic":false}