{"cameraMode":{"drawMode":0,"name":"Shaded","section":"Shading Mode"},"sceneLighting":false,"audioPlay":false,"sceneViewState":{"showFog":true,"showMaterialUpdate":false,"showSkybox":false,"showFlares":true,"showImageEffects":true,"showParticleSystems":true},"in2DMode":false,"pivot":{"x":-5.960464477539063e-8,"y":0.9850689172744751,"z":-0.0428316593170166},"rotation":{"x":0.06539283692836762,"y":0.9312289357185364,"z":-0.2090374380350113,"w":0.2914019823074341},"size":3.702796697616577,"orthographic":false}