{"cameraMode":{"drawMode":0,"name":"Shaded","section":"Shading Mode"},"sceneLighting":false,"audioPlay":false,"sceneViewState":{"showFog":true,"showMaterialUpdate":false,"showSkybox":false,"showFlares":true,"showImageEffects":true,"showParticleSystems":true},"in2DMode":false,"pivot":{"x":5.360000133514404,"y":1.3299999237060547,"z":-2.9200000762939455},"rotation":{"x":0.037624944001436236,"y":0.9364967942237854,"z":-0.33212703466415408,"w":0.10608780384063721},"size":4.0416579246521,"orthographic":false}