{"cameraMode":{"drawMode":0,"name":"Shaded","section":"Shading Mode"},"sceneLighting":true,"audioPlay":false,"sceneViewState":{"showFog":false,"showMaterialUpdate":false,"showSkybox":false,"showFlares":false,"showImageEffects":false,"showParticleSystems":false},"in2DMode":false,"pivot":{"x":-1.2038264274597169,"y":7.915336608886719,"z":19.69156265258789},"rotation":{"x":-0.0014248003717511893,"y":-0.9477842450141907,"z":0.31925201416015627,"w":-0.004194593522697687},"size":0.574813723564148,"orthographic":false}