{"cameraMode":{"drawMode":0,"name":"Shaded","section":"Shading Mode"},"sceneLighting":false,"audioPlay":false,"sceneViewState":{"showFog":false,"showMaterialUpdate":false,"showSkybox":false,"showFlares":false,"showImageEffects":false,"showParticleSystems":false},"in2DMode":false,"pivot":{"x":4.03382682800293,"y":1.262880802154541,"z":0.33750057220458987},"rotation":{"x":-0.20048443973064423,"y":-0.024122018367052079,"z":0.005120694171637297,"w":-0.9794639945030212},"size":8.365530967712403,"orthographic":false}