{"cameraMode":{"drawMode":0,"name":"Shaded","section":"Shading Mode"},"sceneLighting":false,"audioPlay":false,"sceneViewState":{"showFog":false,"showMaterialUpdate":false,"showSkybox":false,"showFlares":false,"showImageEffects":false,"showParticleSystems":false},"in2DMode":false,"pivot":{"x":0.5690271854400635,"y":0.5423306226730347,"z":0.059012413024902347},"rotation":{"x":-0.20048443973064423,"y":-0.024122018367052079,"z":0.005120694171637297,"w":-0.9794639945030212},"size":4.805812835693359,"orthographic":false}