{"cameraMode":{"drawMode":0,"name":"Shaded","section":"Shading Mode"},"sceneLighting":false,"audioPlay":false,"sceneViewState":{"showFog":false,"showMaterialUpdate":false,"showSkybox":false,"showFlares":false,"showImageEffects":false,"showParticleSystems":false},"in2DMode":false,"pivot":{"x":0.009374618530273438,"y":3.0184426307678224,"z":0.05674266815185547},"rotation":{"x":-0.20048443973064423,"y":-0.024122018367052079,"z":0.005120694171637297,"w":-0.9794639945030212},"size":26.950729370117189,"orthographic":false}