{"cameraMode":{"drawMode":0,"name":"Shaded","section":"Shading Mode"},"sceneLighting":false,"audioPlay":false,"sceneViewState":{"showFog":false,"showMaterialUpdate":false,"showSkybox":false,"showFlares":false,"showImageEffects":false,"showParticleSystems":false},"in2DMode":false,"pivot":{"x":14.819999694824219,"y":8.579999923706055,"z":-1.2000000476837159},"rotation":{"x":-0.35904139280319216,"y":-0.4352497160434723,"z":0.19508276879787446,"w":-0.8023386597633362},"size":0.6862143278121948,"orthographic":false}