{"cameraMode":{"drawMode":0,"name":"Shaded","section":"Shading Mode"},"sceneLighting":false,"audioPlay":false,"sceneViewState":{"showFog":false,"showMaterialUpdate":false,"showSkybox":false,"showFlares":false,"showImageEffects":false,"showParticleSystems":false},"in2DMode":false,"pivot":{"x":-5.960464477539063e-8,"y":0.9485914707183838,"z":-0.012163698673248291},"rotation":{"x":-0.18993930518627168,"y":-0.36727407574653628,"z":0.07700290530920029,"w":-0.907319962978363},"size":4.115476131439209,"orthographic":false}