{"cameraMode":{"drawMode":0,"name":"Shaded","section":"Shading Mode"},"sceneLighting":false,"audioPlay":false,"sceneViewState":{"showFog":false,"showMaterialUpdate":false,"showSkybox":false,"showFlares":false,"showImageEffects":false,"showParticleSystems":false},"in2DMode":false,"pivot":{"x":0.05092048645019531,"y":3.0558242797851564,"z":-0.20514440536499024},"rotation":{"x":-0.20048443973064423,"y":-0.024122018367052079,"z":0.005120694171637297,"w":-0.9794639945030212},"size":26.90751075744629,"orthographic":false}