{"cameraMode":{"drawMode":0,"name":"Shaded","section":"Shading Mode"},"sceneLighting":false,"audioPlay":false,"sceneViewState":{"showFog":false,"showMaterialUpdate":false,"showSkybox":false,"showFlares":false,"showImageEffects":false,"showParticleSystems":false},"in2DMode":false,"pivot":{"x":-0.10931253433227539,"y":2.9268927574157717,"z":-0.011425971984863282},"rotation":{"x":-0.20048443973064423,"y":-0.024122018367052079,"z":0.005120694171637297,"w":-0.9794639945030212},"size":27.681428909301759,"orthographic":false}