{"cameraMode":{"drawMode":0,"name":"Shaded","section":"Shading Mode"},"sceneLighting":false,"audioPlay":false,"sceneViewState":{"showFog":false,"showMaterialUpdate":false,"showSkybox":false,"showFlares":false,"showImageEffects":false,"showParticleSystems":false},"in2DMode":false,"pivot":{"x":-0.12600000202655793,"y":1.1362041234970093,"z":0.9732837080955505},"rotation":{"x":-0.43974125385284426,"y":0.0734618529677391,"z":-0.035886749625205997,"w":-0.8944761157035828},"size":0.6702097058296204,"orthographic":false}