{"cameraMode":{"drawMode":0,"name":"Shaded","section":"Shading Mode"},"sceneLighting":false,"audioPlay":false,"sceneViewState":{"showFog":false,"showMaterialUpdate":false,"showSkybox":false,"showFlares":false,"showImageEffects":false,"showParticleSystems":false},"in2DMode":false,"pivot":{"x":-4.27912712097168,"y":-1.4378478527069092,"z":-1.7074204683303834},"rotation":{"x":-0.07520916312932968,"y":-0.8314908742904663,"z":0.1162654459476471,"w":-0.538185179233551},"size":3.600114107131958,"orthographic":false}