{"cameraMode":{"drawMode":0,"name":"Shaded","section":"Shading Mode"},"sceneLighting":false,"audioPlay":false,"sceneViewState":{"showFog":true,"showMaterialUpdate":false,"showSkybox":false,"showFlares":true,"showImageEffects":true,"showParticleSystems":true},"in2DMode":false,"pivot":{"x":-5.960464477539063e-8,"y":0.8858883380889893,"z":-0.004579201340675354},"rotation":{"x":0.23044317960739137,"y":0.20376437902450562,"z":-0.04936680570244789,"w":0.9502601027488709},"size":3.9882900714874269,"orthographic":false}