{"cameraMode":{"drawMode":0,"name":"Shaded","section":"Shading Mode"},"sceneLighting":true,"audioPlay":false,"sceneViewState":{"showFog":true,"showMaterialUpdate":false,"showSkybox":true,"showFlares":true,"showImageEffects":true,"showParticleSystems":true},"in2DMode":false,"pivot":{"x":3.3140242099761965,"y":6.860621452331543,"z":-2.986602783203125},"rotation":{"x":0.18417255580425263,"y":0.16136108338832856,"z":-0.03067399188876152,"w":0.9690837860107422},"size":13.878037452697754,"orthographic":false}